[{"author":"_sharp_","content":"@everyone Minor update released!\n\n* New Gems Shop items: Pink Panther, Kung Fu Panda Monkey, Scooby Doo, Skytouched, Stan Lee, Billie Eilish, Blue Lock Yoichi Isagi, Glasses (Cloud), Glasses (Money), Glasses (Gold).\n\n* Island map added back to Ladder and Clan War maps rotation.\n\n* Ladder queue now gets closed right before the season ends.\n\n* Fixed a bug that some people had with clicking the links in our verification emails.\n\nCheck out the #【👀】previews channel for pictures of the new items.\n\nHave Fun!\nSharp ❤️","createdAt":1740764812284},{"author":"c05ine","content":"Update for the 4v4 Tournament\n\nIn 2 days ( 2/14/2025 ) sign-ups will be closed so for those scrambling a team to get together make sure u guys get your form in asap.\n\nFormat:\n\n> Double Elimination ( Losers bracket )\n> \n> Best of 3 first to 11 ( 20 rounds total )\n> \n> Map Pool will be picked at random each round.\n\nTeams that have been accepted:\n\n> Volledig ( Phatcat, Ismail, Angry, Xior )\n> \n> 883 ( Wizmo, Cruiser, Era, Wanna69me )\n> \n> Shadow ( FlameShadow, Nen, FireRoze, Slayer, elastico )\n> \n> LOFI ( Sakae, Pranke, Hidoi, Aracely, Rayleigh, Aspe )\n> \n> Victory ( Reli, UglykissTV, xDivineStone, Aezun )\n> \n> HEYFKU ( Ice, DemonKite, Inverse, bo^2bo, Emperor, Delubyo )\n> \n> AOBI ( Almog, Oren, Bar, Idan )\n> \n> Bisaya99 ( Sai, Sundot, AngryBaby, Jek )\n> \n> SONofGEO ( geohmz, geonhz, jeomhz, geumhz, geofhz )\n> \n> Pulsar ( Skorge, Maze, Toed, Polt )\n\n( You guys should scrim eachother I gave you all the names of the teams )\n\nSign ups: https://forms.gle/j1MXgi3qSgmu2WES6\nStill Planned for March 1st\n\n@everyone \nThank you!\nFXP C05INE","createdAt":1739386944154},{"author":"c05ine","content":"Update on Prize Pool for tournament:\n\nPrizes so far:\n\n1st Place: 20k Gems each / And a CUSTOM set for the entire clan with your clan name on it / 1 Sponsor item each / 1 Preview item each\n\n2nd Place: 15k Gems each / 1 Sponsor item each / 1 Preview item each\n\n3rd Place: 10k gems each / 1 Preview item each\n\n👉 Sign up NOW: https://forms.gle/j1MXgi3qSgmu2WES6 👉 Got questions? #【💌】create-a-ticket \n\nSign ups close on 14th\n\n@everyone","createdAt":1738532285887},{"author":"c05ine","content":"🚨 GUNZ TOURNAMENT ANNOUNCEMENT! 🚨\n\nThe voting has ended...\n\n🔥 Welcome to the Ultimate 4v4 Showdown 🔥\n\nGet ready for the most intense Gunz Online tournament yet! We're hosting a 4v4 competition, and it’s going to be EPIC. 🏆\n\n💥 March 1st 12pm PST to 3 PM pst ( not sure when start ) 💥  Signs up closed on 2/14/2025\n\nTeams of 4 only!\n\nBe ready to bring your A-game – only the best will survive! 🏅\n\n🎮 Whether you're a beginner, pro or in between anyone is able to sign up, it’s time to prove you’re worth in the game. So grab your squad, train hard, and let’s make this tournament one for the history books!\n\n<#1335368623283245157>  is opened until closing date for anyone looking for a team\n\n👉 Sign up NOW: https://forms.gle/j1MXgi3qSgmu2WES6 👉 Got questions? #【💌】create-a-ticket \n\nPrizes TBA:\n\n1st Place: 20k Gems each / And a CUSTOM set for the entire clan with your clan name on it / 1 Sponsor item each / 1 Preview item each\n\n2nd Place: 15k Gems each / 1 Sponsor item each / 1 Preview item each\n\n3rd Place: 10k gems each / 1 Preview item each\n\nDon’t miss out—this is your chance to experience this game at its peak in organized game play.\n\nSee you there!\nFXP C05INE","createdAt":1738446876515},{"author":"_sharp_","content":"@everyone New update released\n\n* Updated the link to buy credits. Type /credits in game chat for the new link.\n\n* Added a (U) to the names of all unisex items, that are being converted to your current character gender when pulled out of storage.\n\nEnjoy!\nSharp ❤️","createdAt":1738214340821},{"author":"c05ine","content":"@everyone \n\nTournament Announcement\n\nProjected Date: Last Week of February\n\n*Details To be announced.*\n\nReact for the following:\n\n<:FxpGunz_Goblin_Angry:1108338728721719357> 2v2 Anti-lead <:FxpGunz_Palmpow_Angry:1108338760766205973> for 3v3 Anti-lead <:FxpGunz_Mummy_Angry:1116257195374420070> 4v4 Anti-lead or <:FxpGunz_Skeleton_Angry:1108338792122810432> for 2v2 Lead\n\nVoting Ends 2/1/2025\n\nFXP C05INE","createdAt":1737956588387},{"author":"_sharp_","content":"@everyone New update released!\n\n* Gems Shop new items: DoomSlayer - Avatar, Final Fantasy Tifa - Avatar, Hana - Avatar, Jojo Diavolo - Avatar, Jojo Ermes Costello - Avatar, Jojo Jolyne Cujoh - Avatar, Jojo Narciso Anasui - Avatar, Siete - Avatar, Runescape Dragon Axe - Sword, Ender Eye - Swords and Guns, Unicorn - Swords Guns and Hat, Burberry - Shirt, Beanis - Hat.\n\n* Cash Shop new items: Michael Jackson - Avatar (4 new recolors). Also, the Gem of Forest avatar recolors has been moved from Gems to Cash shop.\n\nCheck out the #【👀】previews for some pictures.\n\nHave Fun!\nSharp ❤️","createdAt":1736968564706},{"author":"_sharp_","content":"@everyone New year update released!\n\n* Gems shop 43 new items: Avatars, Katanas, Shotguns, Rifles, Machineguns, Grenade, and a Hat.\n\n* Web shop new item: Backpack (Kuromi).\n\n* VIP accounts can now show emojis over their player head using the /vip_emoji chat command, without having the Emoji Effect Ring equipped. Also, the [VIP] tag in chat messages has been removed, as the server offers the Player Titles feature instead.\n\n* Fixed /macro command that lets you save a new text on one of the F key macros to work properly with any input text including whitespaces.\n\n* Training room map has been changed back to Town.\n\nCheck out the #【👀】previews channel for pictures of the new items!\n\nHappy New Year!\nSharp ❤️","createdAt":1735755409712},{"author":"c05ine","content":"@everyone \n\nContent Creation Event\n\nAnyone who makes content on tiktok for FXP GunZ starting from today (12-23-2024) until (12-31-2024) using hashtags #fxpgunz #fxpladder show us in #【💌】create-a-ticket with your user name in-game and we will give you a free item.  ( Cash / Gem items only )\n\n1. Create a ticket\n2. Post the link to the video\n3. Must be within the dates\n4. Write in-game name with item you want ( cash or gems only )\n\n1 Submission per person\n\nA special reward for the most viral video at the end of the year! \n\nFXP GunZ Team,\nThank you.","createdAt":1734966736834},{"author":"c05ine","content":"@everyone \n\nGiving away items today! \n\nRules: No sponsors/tofus/quest/crowns/tournaments\n\n5 reactions = 1 give away ! \n\nGood luck FXP GunZ on Top 🙂\n\n4:30 pm pst\n\nWe will spin names via wheel and if it lands on you, you will win 1 item. Name in chat at the time of giveaway to enter\n\nhttps://www.twitch.tv/c05ine","createdAt":1734040607271},{"author":"_sharp_","content":"@everyone Small update released!\n\n1. New items has been added to the website shop - Cracked Shotgun, Cracked Katana, Cracked Dual Machinegun.\nCheck out the #【👀】previews channel for some previews.\n\n2. Max dropped items on floor in the room has been reduced for non quest games (still higher for quest game only).\nThis should solve the massive FPS drops in the 24/7 training and deathmatch rooms.\n\n3. King Boo quest maps has been recreated, with some slight changes and bug fixes.\n\n4. Sniper crosshair has been recreated.\n\n5. Training room map has been changed to Snow Town for Xmas.\n\nHave Fun!\nSharp ❤️","createdAt":1733558331530},{"author":"_sharp_","content":"@everyone New update released!\n\n* Changed the killing exp and bounty rewards to always be the same regardless the level of the killed player, which makes leveling from kills actually possible. In addition, killing in competitive games of Ladder and Clan War now grants you way more exp than killing in regular games.\n\n* Added a new crosshair hit marks animation for hits combo when spraying (requires to have the hit marks setting enabled).\n\n* Added dual machinegun weapon type to the game, and some skins of it to the bounty and gems shops.\n\n* Applied quests improvements and fixes to the followings: Cyber / Empire of Aragog / Laboratory / Ice / Zombie / Naruto / Isle of the Abyss.\n\nHave Fun!\nSharp ❤️","createdAt":1731101010244},{"author":"_sharp_","content":"@everyone New update released!\n\n* Chess Quest has been added to the game together with its 10 items box.\n\n* Free bounty shop recolors for some of the original Gunz sets has been added.\nThe default new character outfit has been changed to one of them.\n\n* Your seasonal clan contribution points are now shown in the clan channel.\n\n* The Ladder points boost for winning games now applies up to 2000 points, instead of 1000 points.\n\nCheck out the #【👀】previews channel for some pictures of the new quest and items.\n\nHave Fun!\nSharp 🙂","createdAt":1730452110082},{"author":"_sharp_","content":"@everyone New update released!\n\n* You can now sell your Gems items for a very small amount of gems, mainly to allow cleaning up the inventory from Gems items without deleting the character (Donation items can not be sold still).\n\n* Ladder average damage is now affecting your initial Ladder Points you get once completing all placement matches, and the Wins Boost that gives you more points for wins now stops at 1000 points instead of 1200 points.\n\n* Survival games are now ranked only for Solo runs. If more than one player in the room, the game won't be ranked.\n\n* Removed the Air Control and Low Gravity from the RPG Super Powers.\n\n* Fixed a bug where changing the room master to a Ready player won't let him place quest items and start the game.\n\n* Fixed the RPG Invincibility to work on projectiles. Also, from now you will see when teammates become invincible.\n\n* Fixed the RPG Combo Stacks power to register 100% of the hits (used to miss some shots).\n\nHave Fun!\nSharp ❤️","createdAt":1729947010553},{"author":"_sharp_","content":"@everyone New update released!\n\n* Account name colors from in game can now be combined with character name colors from website.\nThat means you can now have an extra 4th color in your name, that doesn't take 2 characters. \nIn addition, the account name color from in game can now be utilized to color your title differently than your name.\n\n* Quest difficulty rewards limit is not limiting the obtained EXP anymore, but is still affecting the bounty, cash, gems, and item box rewards.\nthis means you can play up to 999x difficulty at any level and get the full EXP, but having the other rewards reduced to the limit.\n\n* EXP Reduction formula has been completely reworked.\nThe EXP rewards of all quests got balanced accordingly.\n\n* User interface improvements has been applied to the game client.\nJust some minor visual and textual changes.\n\nEnjoy!\nSharp 🙂","createdAt":1729451688933},{"author":"_sharp_","content":"@everyone New update released!\n\n* RPG powers max level increased from 15 to 20 means you can keep power up until max level.\n\n* RPG super powers reworked and are now starting from level 1000. you also keep unlock them until max level.\n\n* Added all quest difficulties until 999x means you keep unlock new difficulties until max level.\n\n* Cash obtained from quest boxes is not locked to 100 anymore. instead, you get a random cash amount from the box, and the highest possible amount is your played difficulty.\n\n* PVE critical damage ring chance increase from 5% to 15%.\n\n* PVE invincibility ring chance increase from 10% to 15%.\n\n* Fixed a bug with titles of 1 character length not being shown in game.\n\n* Gladiator room settings disabled - Unlock Direction, Static Animations.\n\nHave Fun!\nSharp ❤️","createdAt":1729266639780},{"author":"_sharp_","content":"@everyone Small update released!\n\n* RPG Super Powers are now starting from level 4,000 instead of level 6,000.\n\n* Increased the maximum items dropped on floor from 30 to 256, in order to allow all quest players to drop their ammo clips.\n\n* Fixed a bug with ammo clips sometimes can't be picked up while dropped on floor.\n\n* Fixed a bug with EXP Ring showing wrong amount of bonus gained.\n\nEnjoy\nSharp 🙂","createdAt":1729087664494},{"author":"_sharp_","content":"@everyone Huge new Questing update released!\n\n* Added a new LEGO Quest and a unique 15 Items Box!\nCheck out the #【👀】previews channel for some pictures of the new LEGO quest.\n\n* Added new RPG Super Powers that you unlock every 1,000 levels after maxing out your regular RPG Powers!\nYou can see them in the regular RPG menu.\n\n* Added new Higher Difficulties to play: 400x, 500x, and 600x!\n\n* Added a new Difficulty Resistance stat!\nDifficulty Resistance permanently powers up your character by 1% every 300 levels (up to 33% resistance max).\nYou can see your current Resistance below the HP bar.\n\n* Added some small new QOL Features!\n-Show the EXP Reduction of your current level below HP Bar.\n-Show a chat message for EXP Ring bonuses.\n-Show a chat message for Deaths EXP reductions.\n-Disable the level up chat message that used to spam in quests.\n\n* Decreased the Run Speed RPG Power by 25% (from 1.6x to 1.45x run speed boost).\n\n* Decreased the Bounty Reward of all quests by 33%.\n\n* Decreased the Max Completion Rewards according to the player level (EXP, Bounty, Cash, Gems, and Item Box Chance).\nFor example: Before level 1,000 your max rewards limit is 100x, and before level 6,000 your max rewards limit is 600x. \nYou can still play or get carried at any higher difficulty, and only your completion rewards will be decreased.\nThe only change compared to before this update is for levels 1 ~ 1999 because their rewards limit is now 100x and 200x instead of 300x.\n\nIn addition, we also released a new update to our Town II Ladder map including improvements to the spacings, alignments and textures!\n\nHave Fun\nSharp ❤️","createdAt":1728750022657},{"author":"c05ine","content":"@everyone \n\nGiving away items today come join at the end of stream! 1hr approx\n\n5 reactions = 1 give away ! \n\nGood luck FXP GunZ on Top 🙂\n\nhttps://www.twitch.tv/c05ine","createdAt":1727804643595},{"author":"c05ine","content":"TrumpCard VS MCKzz watch party\n\nhttps://www.twitch.tv/c05ine\n\n@everyone","createdAt":1726951723013},{"author":"c05ine","content":"@everyone \n\n1. Brackets Updated for Saturdays tourny we will be streaming some of the matches!\n\nLink: https://brackethq.com/b/lo18b/\n\n2. Giving away items today come join at the end of stream!\n\n10 reactions = 1 give away ! \n\nGood luck FXP GunZ on Top 🙂\n\nhttps://www.twitch.tv/c05ine","createdAt":1726802748826},{"author":"c05ine","content":"@everyone \n\nWatching Salvations vs TrumpCard\n\nhttps://www.twitch.tv/c05ine","createdAt":1726346277413},{"author":"c05ine","content":"@everyone \n\nGiving away items today come join at the end of stream!\n10 reactions = 1 give away ggs good luck\nhttps://www.twitch.tv/c05ine","createdAt":1726000658141},{"author":"_sharp_","content":"@everyone New update released!\n\n1. Control Center ladder map enhancements.\n\n2. Rendered crosshair recolors now back to work.\n\n3. You can now customize your game's Shot, Reload, Melee and Hit sounds by replacing files in the new Sounds folder in game.\n\n4. Reworked the hit marks effect.\n\n5. Small UI improvements to the game.\n\nHave Fun!\nSharp ❤️","createdAt":1724792273449},{"author":"c05ine","content":"For those of you who missed the Draft: https://www.twitch.tv/videos/2232938623\n\nSpreadsheet: https://cdn.discordapp.com/attachments/1051208520244154500/1276994768450224168/image.png?ex=66cb8d8e&is=66ca3c0e&hm=2271ec54278564755cb42aa23d2d5eb99bdba197ba377b9edd69bd6ba0815f4a&","createdAt":1724529662378},{"author":"c05ine","content":"#  We will be starting the selection process for the Draft Tournament in Approx. 30 mins\n\nCaptains please join captains-vc 15 minutes early!\n\n*Hosted by FXP GunZ!*\n\nStream via Twitch @ https://www.twitch.tv/c05ine\n\nThank you! \nC05INE @everyone","createdAt":1724523853047},{"author":"_sharp_","content":"@everyone New update released!\n\n1. Ladder Map unique to FxpGunz named Stonehaven.\n\n2. Gems Shop 14 new avatars:\nArcueid Brunestud / Bayonetta / Faye Valentine / Inuyasha / JJK Satoru Gojo / Kagome Higurashi / Neco Arc / Shadow / Slenderman / Syndra / Touhou Marisa Kirisame / Touhou Reimu Hakurei / Touhou Remilia Scarlet / 2B Nier Automata.\n\n3. Clan War Matchmaking is now Faster.\n\n4. Hit Marks now have Outline.\n\nCheck out the #【👀】previews for the new added avatars.\n\nHave Fun!\nSharp ❤️","createdAt":1724048469896},{"author":"c05ine","content":"#  Tournament Announcement \n\n( Important Notice: tomorrow is the last day to sign up then applications will be closed )\n\nDraft Date: August, 24th 12PM Pacific <---- #  READ\n\nCongratulations! Your Captains of the September Draft Tournament are as follows:\n\n@Xanax - Clan Ostyle\n\n@Hard-to-Kill - Clan Serene\n\n@Sakae - Clan NSBO\n\n@SENOR - Clan MCKzz\n\n@yamjam - Clan N/A\n\n@chandu2895 - Clan Salvations\n\n@XanXus - Clan TrumpCard\n\n@vitico23 - Clan Alwaystogether\n\nEach Team will represent a clan, you will have 1 week to study the spreadsheet for the official draft on August, 24th 12PM Pacific\n\nCaptains will be given a Special Discord role \"Team Captain\" and each member chosen will be given role based off the selection process.\n\nThis is a Snake Draft Tournament, we will choose who goes first to last on the day of the Draft. All Captains must be expect to show up in Voice Channel with me the day of Draft.\n\nCaptains: \n\n1.) Will be responsible for who plays in their lineup, you will choose up to 4 players for the 3v3 Tournament which means 1 will be a substitute player.\n\n2.) You are also responsible for your team to show up to matches, information about how we will play will be later discussed. ( We will not be doing all matches in 1 day as it takes too long ) We are going to work on scheduling matches so people can show up. \n\n If you cannot make it please let me know @C05INE DMs here.  <----\n\nNot everyone that signed up will get picked. There will be 8 teams which means 32 players will compete. \n\n@everyone \nThank you, C05INE!","createdAt":1723874025281},{"author":"c05ine","content":"#    Tournament Announcement! ( REPOST )\n*Introducing the Summer 3v3 Draft Style Tournament where anyone can participate!*\n*This will be the first time ever GunZ The Duel has a tournament in this format you do not want to miss out!*\n\nHow to Play?: \n\n[Players] will fill out form and put on a list with all other participants\n\n[Captains] will select teams on the list that the community participates in\n\n[Captains] will take turns filling out their teams to up to 4 players!\n\nPlanning on having up to 8 teams which means 32 people will be able to participate. (There is no limit to sign ups)\n\nPlayer Registration Below:\n\nFill form as accurately as possible: https://forms.gle/PrWzbJQdjUqrperGA\n\nInterested in being a Captain?:\n\nCaptains Form(Team Captains Only): https://forms.gle/To5Bvsg1J8v9wRKN9\n\n-----------------------------------------------------------------------\nNotes:\n\nCaptains will have a short interview on how they decided their team and how they think they will do! \n\nDraft Date: August 17th 2024 ( This is not a date you will be playing this is when we will choose the captains )\n\nPlayer Draft Spreadsheet:\nhttps://docs.google.com/spreadsheets/d/1Sz3STiD4kPYgS0EAqIIA0wmlViNiUn9gflzXjfHTB24/edit?usp=sharing\n\nHosted by FXP @ https://www.twitch.tv/c05ine\n\nThank you!\nC05INE\n@everyone","createdAt":1723469224344},{"author":"_sharp_","content":"@everyone Small update released:\n\n1. Graphic user interface improvements to some screens of the game.\n\n2. Moved the  Prev weapon, Next weapon, and Grenade inputs to the action 2 page of input settings.\n\n3. Floating damage numbers now have outline.\n\n4. Fixed  a bug where changing fonts sometimes did not instantly show the new chosen font.\n\nEnjoy!\nSharp ❤️","createdAt":1723279677897},{"author":"_sharp_","content":"@everyone New update released!\n\n1. Clan War rewards bonus\n-Win Clan War games to get free Slot Machine spins. \n-You get spins same as your team size (win 4vs4 to get 4 spins, win 3vs3 to get 3 spins, etc).\n-Your team must achieve a full win in order to get the spins (4 score win).\n\n2. Boosted Quest time got shortened from 1 hour to 30 minutes.\n\n3. Gems Shop new items\nKing Samurai Katana / Old School Vans Shoes / Caitlyn Avatar / Izayoi Sakuya Avatar / Vergil Avatar / VI Avatar / Simon Avatar / Witch of Darnkness Avatar/  Leah Avatar.\n\n4. Web Shop new male version items\nSuper Chicken Avatar / Gochi Avatar / Diet Gochi Avatar.\n\nCheck out the #【👀】previews channel for pictures of the new items.\n\nHave Fun!\nSharp 😄","createdAt":1722875176278},{"author":"c05ine","content":"#  Tournament Announcement! \n*Introducing the Summer 3v3 Draft Style Tournament where anyone can participate!*\n\nThis will be the first time ever GunZ The Duel has a tournament in this format you do not want to miss out!\n\nHow to Play?: \n\nPlayers will fill out form and put on a list with all other participants\n\nCaptains will select teams on the list that the community participates in\n\nCaptains will take turns filling out their teams to up to 4 players!\n\nPlanning on having up to 8 teams which means 32 people will be able to participate\n\nPlayer Registration Below:\n\nFill out the form as accurately as possible(Players Only): https://forms.gle/PrWzbJQdjUqrperGA\n\nInterested in being a Captain?:\n\nCaptains Form(Team Captains Only): https://forms.gle/To5Bvsg1J8v9wRKN9\n\nCaptains will have a short interview on how they decided their team and how they think they will do! \n\nDraft Date: August 17th 2024 ( This is not a date you will be playing this is when we will captains the teams )\n\nPlayer Draft Spreadsheet\nhttps://docs.google.com/spreadsheets/d/1Sz3STiD4kPYgS0EAqIIA0wmlViNiUn9gflzXjfHTB24/edit?usp=sharing\n\nHosted by FXP @ https://www.twitch.tv/c05ine\n\nThank you!\nC05INE\n@everyone","createdAt":1722802440309},{"author":"_sharp_","content":"@everyone New update released!\n\n1. Map Vote frame is not hiding first lines of chat anymore.\n\n2. Multiple EXP added effects are not overriding each other anymore.\n\n3. Game resolution now fixes itself automatically in case the config file specifies a resolution larger than your desktop resolution.\n\n4. Game window now flashes also once game created (not only when you spawn).\n\n5. Bug fix related to minimizing the game (started since last update).\n\n6. Peer to peer networking optimizations.\n\nHave Fun!\nSharp ❤️","createdAt":1722688828034},{"author":"c05ine","content":"Give Away Event \n\n10+ reactions to this thread and I'll give away items at end of stream\n\n\nRules:\n\nAll you need to do is give player name!\nWe'll spin users on a random spin generator and whoever wins gets 1 item in the store ( no crowns or sponsorship items )\n\nhttps://www.twitch.tv/c05ine\n\n\nSee you soon!\nC05INE\n@everyone","createdAt":1722617187427},{"author":"c05ine","content":"10+ reactions to this thread and I'll give away items at end of stream\n\n\nRules:\n\nAll you need to do is give player name!\nWe'll spin users on a random spin generator and whoever wins gets 1 item in the store ( no crowns or sponsorship items )\n\nhttps://www.twitch.tv/c05ine\n\n\nSee you soon!\nC05INE\n@everyone","createdAt":1722453845803},{"author":"_sharp_","content":"@everyone New update released!\n\n1. Bounty Shop 2 New items:\nTHUG (Dragon Black) Pants, THUG (Dragon Blue) Pants.\n\n2. Cash Shop 5 New items:\nGorillaz Avatar, Grudge Avatar, Invincible Avatar, Matriarch Benezi Avatar, Ring Avatar.\n\n3. Web Shop 4 New items:\nSkull (Black) Shirt, Skull (White) Shirt, Hoodie (Black) Shirt, Hoodie (White) Shirt.\n\n4. Screen Indicator has been added to show that the game is minimized or not focused (mainly for streams).\n\n5. Applied some Bug Fixes and Performance Improvements to both server and client.\n\nCheck out the #【👀】previews channel for pictures of the new items.\n\nHave Fun!\nSharp ❤️","createdAt":1722367106785},{"author":"c05ine","content":"Reaction Sunday\n\n10+ reactions to this thread and I'll give away items in 30 minutes\n\n\nRules:\n\nAll you need to do is give player name!\nWe'll spin users on a random spin generator and whoever wins gets 1 item in the store ( no crowns or sponsorship items )\n\nhttps://www.twitch.tv/c05ine\n\n\nSee you soon!\nC05INE\n@everyone","createdAt":1722231177461},{"author":"c05ine","content":"Thirsty Thursdays\n\nItem giveaways starting in 30 mins\n\nAll you need to do is give player name!\nWe'll spin users on a random spin generator and whoever wins gets 1 item in the store ( no crowns or sponsorship items )\n\nhttps://www.twitch.tv/c05ine\n\nHow many winners? You guys tell me\nEvery 50 players online 1 spin\nEvery 10 people in stream 1 spin\n\nSee you soon!\nC05INE\n@everyone","createdAt":1721939779678},{"author":"c05ine","content":"Weekend Event Starting 30 mins\n\n<:FxpGunz:911177117562187817>  React for Last Man Standing\n\n<:FxpGunz_Goblin_Angry:1108338728721719357>   React for Hide and Seek\n\n<:FxpGunz_Mummy_Angry:1116257195374420070>   React for Spin to Win \n\n<:FxpGunz_Skeleton_Angry:1108338792122810432>   Battle Royale\n\n<:FxpGunz_Goblin_Bored:1108338730894372945>  TDM event\n\n<:FxpGunz_Skeleton_Bored:1108338795092389908>  Simon Says\n\nWill be hosting live at  @everyone \n\nhttps://www.twitch.tv/c05ine\n\nSee you soon!\nC05INE\n@everyone","createdAt":1721537883445},{"author":"c05ine","content":"@everyone \n\nDoing Giveaways Live every hour until stream ends join now at: https://www.twitch.tv/c05ine\n\nAnd maybe more events?\n\nFXP Staff\nC05INE","createdAt":1721425023251},{"author":"c05ine","content":"@everyone \n\nFXP EVENT STARTING SOON\n\n1. Last man standing\n\n2. Battle Royale Death Match\n\n3. Spin to win\n\n\n\nMultiple Winners! \n- You can select 1 item each win from the entire store!\n\nMax Players allowed!\n- First come first server each event will have a new room so everyone will have a fair chance to join\n\n\"What if I win twice?\"\nYou can choose to gift a friend or select another item!\n\nWill be live at https://www.twitch.tv/c05ine in approx 15 mins\n\nFXP Staff\nC05INE","createdAt":1721336836972},{"author":"_sharp_","content":"@everyone Minor update released:\n\n1. Avenger Shotgun and Rusty Katana now have their custom stats back, after being bugged since few updates ago.\n\n2. Fixed a bug that prevented healing from picked up kits and spawns in the map after long server uptimes.\n\n3. Applied some small UI changes and server stability improvements.\n\nHave Fun!\nSharp ❤️","createdAt":1719652186263},{"author":"_sharp_","content":"@everyone Small update released:\n\n1. In Ladder and Clan War games,  if you are alive when the round ends, your damaged enemies history will now be shown in chat automatically.\n(still shows also when you die).\n\n2. The Round MVP announcement in chat is now showing more accurate results, including damage dealt right before the round ended.\n(used to be missing from that MVP announcements sometimes).\n\n3. Deathmatch 24/7 room map has been changed from Garden to Mansion.\n\n4. Gladiator 24/7 room is not kicking AFK players anymore.\n\n5. Applied few stability improvements to both client and server.\n\nEnjoy!\nSharp 🙂","createdAt":1718183922627},{"author":"_sharp_","content":"@everyone New update released!\n\n1. Cash Shop: New Avatars: Remy / Touhou Kogasa Tatara / Teen Titans Raven / Teen Titans Cyborg.\n\n2. Gem Shop: New Cute Cat Recolors: Red / Salmon / White / Multicolor.\n\n3. Recreated the Ladder map Burgh.\n\n4. Improved the Ladder map Temple.\n\n5. Changed Spawns in Duel map Chamber.\n\n6. Map Selection shows all maps with equal chance, no more higher chance for custom maps.\n\n7. Clan War map selection shows all Ladder maps, since you can infinitely re roll maps anyways.\n\nCheck out the #【👀】previews channel for some previews of the new items.\n\nHave Fun!\nSharp 😄","createdAt":1716023018055},{"author":"_sharp_","content":"@everyone New maps update released!\n\n1. Chamber - Duel new map!\nCan be player in any duel room in the free channel.\n\n2. Temple - Ladder new map!\nThis new map has higher chance to show in map selection in order to collect #【📥】feedback and #【🕵】bug-list from everyone.\n\n3. Desertion - Ladder map recreated!\nThe map has been completely re created from scratch for a better competitive gameplay.\n\n4. Fight Club - Ladder map improved!\nImprovements and bug fixes has been applied to the map, should be way better now.\n\nHave Fun!\nSharp ❤️","createdAt":1715019429585},{"author":"_sharp_","content":"@everyone New update released!\n\n1. Web shop now features new 9 dances for sale!\nCheck out the #【👀】previews channel for some clips.\nA 50% discount has been applied to the new dances. the discount will expire in a week. \n\n2. Re Roll button has been added to ladder and clan war map selection screen!\nOnly if most of the votes are for the Re Roll option, the server will re roll new maps.\nIf no one votes at all, a random map will be chosen out of the 3 maps shown.\n\n3. Player Info window now shows the player gender near the player name.\n\n4. Blocked party and chat room invites from being sent to staff members in hide mode.\n\nLet's Rock!\nSharp 🙂","createdAt":1714815519373},{"author":"_sharp_","content":"@everyone New update released:\n\n1. Saitama avatar has been added to the Gems shop!\n\n2. Slippers shoes has been added to the Web shop!\n\n3. Unisex items - You can now infinitely change the gender of your items by moving them through storage!\nShould be very useful because we created most of the avatars in the server for both genders.\nFor example: if you put in your storage a Female version of the Cursed Bandage avatar, once you will take it out of storage with a Male character, you will get the Male version of the Cursed Bandage avatar to your inventory.\n\n4. Snipers - no scope shots are now way less accurate than shots with scope.\n\n5. Bug fix - blocked party invites from being sent or accepted while the party is in the map selection phase.\n\nCheck out the #【👀】previews channel for some pictures of the new items!\n\nHave Fun!\nSharp ❤️","createdAt":1714234332888},{"author":"_sharp_","content":"@everyone New content update released!\n\nSlippers shoes are now available in our Website Shop!\nThe new slippers are matching some of the backpacks in the server.\nMore of them will be added next week, together with more content.\n\nCheck out the #【👀】previews channel for some pictures of the new items.\n\nHave Fun!\nSharp ❤️","createdAt":1713522278996},{"author":"_sharp_","content":"@everyone New update released:\n\n1. Web Shop items: \"Backpack Kid\" dance is now available!\nhttps://shorturl.at/elqv6\n\n2. Bug Fix for game client sometimes crashes at startup.\n\n3. Optimizations to game client has been applied.\n\nHave Fun!\nSharp 🙂","createdAt":1713026860500},{"author":"_sharp_","content":"@everyone Small update released:\n\n1. Gems Shop items: Halo Jjangs!\nCheck out the #【✨】effects channel.\n\n2. Web Shop items: Devil Horn Hats!\nCheck out the #【👀】previews channel.\n\n3. Improved the game client startup time to be almost 2x faster.\n\n4. Remade sniper scope visually, and changed the scope to close automatically after shooting.\n\n5. Game launcher now lets you scroll up and down in long announcements.\n\n6. Bug fix for rare cases where clothes never loaded for players joined the room after you.\n\nHave Fun!\nSharp ❤️","createdAt":1711715978454}]