{"path": "shots/0001.jpg", "pids": [], "filepath": null}
{"path": "shots/0002.jpg", "pids": [], "filepath": null}
{"path": "shots/0003.jpg", "pids": [], "filepath": null}
{"path": "shots/0004.jpg", "pids": [], "filepath": null}
{"path": "shots/0005.jpg", "pids": [], "filepath": null}
{"path": "shots/0006.jpg", "pids": [], "filepath": null}
{"path": "shots/0007.jpg", "pids": [], "filepath": null}
{"path": "curtain/1743790067.63.curtain.log", "pids": [], "filepath": "C:\\curtain.log"}
{"path": "sysmon/1743790067.86.sysmon.xml", "pids": [], "filepath": "C:\\sysmon.xml"}
{"path": "files/ebd41040e4bb3ec7_14232b434cf29d4c4fb335a86d7fffe3", "pids": [1432], "filepath": "C:\\Users\\Administrator\\AppData\\LocalLow\\Microsoft\\CryptnetUrlCache\\Content\\14232B434CF29D4C4FB335A86D7FFFE3"}
{"path": "files/46ad631a79958c4a_recoverystore.{8b6faab7-1187-11f0-853c-d01bc09ea8a1}.dat", "pids": [2140], "filepath": "C:\\Users\\Administrator\\AppData\\Local\\Microsoft\\Internet Explorer\\Recovery\\High\\Active\\RecoveryStore.{8B6FAAB7-1187-11F0-853C-D01BC09EA8A1}.dat"}
{"path": "files/b71e4d17274636b9_fxpgunz[1].xml", "pids": [1432], "filepath": "C:\\Users\\Administrator\\AppData\\Local\\Microsoft\\Internet Explorer\\DOMStore\\JQVHJORE\\fxpgunz[1].xml"}
{"path": "files/125b1d4699df1f3c_axios[1].js", "pids": [1432], "filepath": "C:\\Users\\Administrator\\AppData\\Local\\Microsoft\\Windows\\Temporary Internet Files\\Content.IE5\\FVVK07HD\\axios[1].js"}
{"path": "files/a3eeda4ca3f273f0_logo.2a031a20[1].png", "pids": [1432], "filepath": "C:\\Users\\Administrator\\AppData\\Local\\Microsoft\\Windows\\Temporary Internet Files\\Content.IE5\\JG9ERFXB\\logo.2a031a20[1].png"}
{"path": "files/f22daa671c76ac98_14232b434cf29d4c4fb335a86d7fffe3", "pids": [1432], "filepath": "C:\\Users\\Administrator\\AppData\\LocalLow\\Microsoft\\CryptnetUrlCache\\MetaData\\14232B434CF29D4C4FB335A86D7FFFE3"}
{"path": "files/fcbd4ec0c501fd78_b46811c17859ffb409cf0e904a4aa8f8", "pids": [1432], "filepath": "C:\\Users\\Administrator\\AppData\\LocalLow\\Microsoft\\CryptnetUrlCache\\MetaData\\B46811C17859FFB409CF0E904A4AA8F8"}
{"path": "files/bf59ee1af2e00958_season-end-date[1].json", "pids": [1432], "filepath": "C:\\Users\\Administrator\\AppData\\Local\\Microsoft\\Windows\\Temporary Internet Files\\Content.IE5\\4DE37VMD\\season-end-date[1].json"}
{"path": "files/be805238d6d9c54c_index.386f528b[1].js", "pids": [1432], "filepath": "C:\\Users\\Administrator\\AppData\\Local\\Microsoft\\Windows\\Temporary Internet Files\\Content.IE5\\JG9ERFXB\\index.386f528b[1].js"}
{"path": "files/252933a206c994ff_launcher[1].htm", "pids": [1432], "filepath": "C:\\Users\\Administrator\\AppData\\Local\\Microsoft\\Windows\\Temporary Internet Files\\Content.IE5\\9CV5X2VQ\\launcher[1].htm"}
{"path": "files/945039c27735a2a6_index.de101254[1].css", "pids": [1432], "filepath": "C:\\Users\\Administrator\\AppData\\Local\\Microsoft\\Windows\\Temporary Internet Files\\Content.IE5\\FVVK07HD\\index.de101254[1].css"}
{"path": "files/2eddb46c29a75862_index.063b2d6d[1].js", "pids": [1432], "filepath": "C:\\Users\\Administrator\\AppData\\Local\\Microsoft\\Windows\\Temporary Internet Files\\Content.IE5\\4DE37VMD\\index.063b2d6d[1].js"}
{"path": "files/02207bb8d2729691_babel[1].js", "pids": [1432], "filepath": "C:\\Users\\Administrator\\AppData\\Local\\Microsoft\\Windows\\Temporary Internet Files\\Content.IE5\\4DE37VMD\\babel[1].js"}
{"path": "shots/0008.jpg", "pids": [], "filepath": null}
{"path": "files/4172a42569c5e7a4_main[1].js", "pids": [1432], "filepath": "C:\\Users\\Administrator\\AppData\\Local\\Microsoft\\Windows\\Temporary Internet Files\\Content.IE5\\JG9ERFXB\\main[1].js"}
{"path": "files/271917e103dfccde_runtime[1].js", "pids": [1432], "filepath": "C:\\Users\\Administrator\\AppData\\Local\\Microsoft\\Windows\\Temporary Internet Files\\Content.IE5\\4DE37VMD\\runtime[1].js"}
{"path": "files/427d89e20aacc884_poppins-extralight.ab9801bd[1].ttf", "pids": [1432], "filepath": "C:\\Users\\Administrator\\AppData\\Local\\Microsoft\\Windows\\Temporary Internet Files\\Content.IE5\\JG9ERFXB\\Poppins-ExtraLight.ab9801bd[1].ttf"}
{"path": "files/434c9b5ae514646b_onlines[1].json", "pids": [1432], "filepath": "C:\\Users\\Administrator\\AppData\\Local\\Microsoft\\Windows\\Temporary Internet Files\\Content.IE5\\FVVK07HD\\onlines[1].json"}
{"path": "files/c13e8d22800c2009_8b2b9a00839eed1dfdccc3bfc2f5df12", "pids": [1432], "filepath": "C:\\Users\\Administrator\\AppData\\LocalLow\\Microsoft\\CryptnetUrlCache\\Content\\8B2B9A00839EED1DFDCCC3BFC2F5DF12"}
{"path": "files/a3fad74c94f97648_core[1].js", "pids": [1432], "filepath": "C:\\Users\\Administrator\\AppData\\Local\\Microsoft\\Windows\\Temporary Internet Files\\Content.IE5\\9CV5X2VQ\\core[1].js"}
{"path": "files/766216fc23e466df_announcements[1].json", "pids": [1432], "filepath": "C:\\Users\\Administrator\\AppData\\Local\\Microsoft\\Windows\\Temporary Internet Files\\Content.IE5\\9CV5X2VQ\\announcements[1].json"}
{"path": "files/ddac626fd8c780e3_moment[1].js", "pids": [1432], "filepath": "C:\\Users\\Administrator\\AppData\\Local\\Microsoft\\Windows\\Temporary Internet Files\\Content.IE5\\FVVK07HD\\moment[1].js"}
{"path": "files/ef7bd2acf8dd8461_index.c63d8bb4[1].js", "pids": [1432], "filepath": "C:\\Users\\Administrator\\AppData\\Local\\Microsoft\\Windows\\Temporary Internet Files\\Content.IE5\\9CV5X2VQ\\index.c63d8bb4[1].js"}
{"path": "files/0ad9451b5b52b2bc_8b2b9a00839eed1dfdccc3bfc2f5df12", "pids": [1432], "filepath": "C:\\Users\\Administrator\\AppData\\LocalLow\\Microsoft\\CryptnetUrlCache\\MetaData\\8B2B9A00839EED1DFDCCC3BFC2F5DF12"}
{"path": "files/d72761e1a334a754_94308059b57b3142e455b38a6eb92015", "pids": [1432], "filepath": "C:\\Users\\Administrator\\AppData\\LocalLow\\Microsoft\\CryptnetUrlCache\\Content\\94308059B57B3142E455B38A6EB92015"}
{"path": "files/6fb1b8e593cb0388_b46811c17859ffb409cf0e904a4aa8f8", "pids": [1432], "filepath": "C:\\Users\\Administrator\\AppData\\LocalLow\\Microsoft\\CryptnetUrlCache\\Content\\B46811C17859FFB409CF0E904A4AA8F8"}
{"path": "files/375ce849199cb1c1_launcher[1].htm", "pids": [1432], "filepath": "C:\\Users\\Administrator\\AppData\\Local\\Microsoft\\Windows\\Temporary Internet Files\\Content.IE5\\4DE37VMD\\launcher[1].htm"}
{"path": "files/a5251b9fe2da0bc9_{8b6faab9-1187-11f0-853c-d01bc09ea8a1}.dat", "pids": [2140], "filepath": "C:\\Users\\Administrator\\AppData\\Local\\Microsoft\\Internet Explorer\\Recovery\\High\\Active\\{8B6FAAB9-1187-11F0-853C-D01BC09EA8A1}.dat"}
{"path": "files/b0499eb6bef276af_poppins-light.91b0058a[1].ttf", "pids": [1432], "filepath": "C:\\Users\\Administrator\\AppData\\Local\\Microsoft\\Windows\\Temporary Internet Files\\Content.IE5\\JG9ERFXB\\Poppins-Light.91b0058a[1].ttf"}
{"path": "files/1514ad91ea073293_94308059b57b3142e455b38a6eb92015", "pids": [1432], "filepath": "C:\\Users\\Administrator\\AppData\\LocalLow\\Microsoft\\CryptnetUrlCache\\MetaData\\94308059B57B3142E455B38A6EB92015"}
{"path": "files/ab17a2085380db54_anime[1].js", "pids": [1432], "filepath": "C:\\Users\\Administrator\\AppData\\Local\\Microsoft\\Windows\\Temporary Internet Files\\Content.IE5\\FVVK07HD\\anime[1].js"}
{"path": "files/06e61750de8e2f48_index.0d3f64b3[1].js", "pids": [1432], "filepath": "C:\\Users\\Administrator\\AppData\\Local\\Microsoft\\Windows\\Temporary Internet Files\\Content.IE5\\9CV5X2VQ\\index.0d3f64b3[1].js"}
{"path": "files/1c76fff13fa553d7_uni-sans-heavy.0acdf299[1].otf", "pids": [1432], "filepath": "C:\\Users\\Administrator\\AppData\\Local\\Microsoft\\Windows\\Temporary Internet Files\\Content.IE5\\9CV5X2VQ\\Uni-Sans-Heavy.0acdf299[1].otf"}
