{"started_on": {"$dt": "2025-04-04T21:04:06.157549"}, "duration": -1, "sample_id": null, "owner": null, "id": 6228047, "category": "url", "priority": 2, "guest": {"status": "stopped", "name": "win7x6428", "label": "win7x6428", "manager": "VirtualBox", "started_on": "2025-04-04 21:05:08", "shutdown_on": "2025-04-04 21:10:02"}, "clock": {"$dt": "2025-04-04T21:03:50.997375"}, "custom": null, "machine": null, "platform": "windows", "memory": true, "status": "running", "tags": [], "processing": null, "enforce_timeout": false, "completed_on": null, "target": "http://fxpgunz.com/launcher", "package": "ie", "route": "internet", "timeout": 30, "submit_id": 5244899, "options": {"procmemdump": "yes", "route": "internet"}, "added_on": {"$dt": "2025-04-04T21:03:50.997410"}}